image_id,file_name,type,gt_label,pred_label,score,iou
724,000000000724.jpg,missed_object,car,,,0
724,000000000724.jpg,false_positive,,car,0.44116833806037903,0.4782
8021,000000008021.jpg,missed_object,bottle,,,0
8021,000000008021.jpg,missed_object,bottle,,,0
8021,000000008021.jpg,missed_object,bottle,,,0
8021,000000008021.jpg,false_positive,,person,0.9683678150177002,0.8263
9483,000000009483.jpg,false_positive,,person,0.9916524291038513,0.0
9483,000000009483.jpg,false_positive,,chair,0.9337109923362732,0.0
9483,000000009483.jpg,false_positive,,chair,0.6417303681373596,0.0223
9483,000000009483.jpg,false_positive,,chair,0.9506268501281738,0.0
9483,000000009483.jpg,false_positive,,chair,0.9334471821784973,0.0
9483,000000009483.jpg,false_positive,,chair,0.5339105129241943,0.0
11197,000000011197.jpg,missed_object,person,,,0
11197,000000011197.jpg,false_positive,,car,0.3873010277748108,0.267
11197,000000011197.jpg,false_positive,,car,0.8950103521347046,0.0
11197,000000011197.jpg,false_positive,,car,0.8092585802078247,0.0
11197,000000011197.jpg,false_positive,,person,0.9820516705513,0.5983
11813,000000011813.jpg,localization_error,chair,chair,0.9223939180374146,0.2042
11813,000000011813.jpg,false_positive,,bottle,0.6421078443527222,0.0
16228,000000016228.jpg,localization_error,person,person,0.9711471796035767,0.4357
16228,000000016228.jpg,localization_error,person,person,0.503402590751648,0.424
16228,000000016228.jpg,missed_object,person,,,0
16228,000000016228.jpg,false_positive,,person,0.91404789686203,0.1123
16228,000000016228.jpg,false_positive,,person,0.8609217405319214,0.0
16228,000000016228.jpg,false_positive,,person,0.33706843852996826,0.0568
16228,000000016228.jpg,false_positive,,person,0.8660537600517273,0.1366
16228,000000016228.jpg,false_positive,,person,0.9411525130271912,0.6568
16228,000000016228.jpg,false_positive,,person,0.35397371649742126,0.1411
16228,000000016228.jpg,false_positive,,person,0.9490957260131836,0.0
16228,000000016228.jpg,false_positive,,person,0.5895929932594299,0.0653
16228,000000016228.jpg,false_positive,,person,0.8230200409889221,0.0823
16228,000000016228.jpg,false_positive,,person,0.33901944756507874,0.1105
16228,000000016228.jpg,false_positive,,person,0.9615779519081116,0.0238
16228,000000016228.jpg,false_positive,,person,0.34721696376800537,0.0
16228,000000016228.jpg,false_positive,,person,0.9006583094596863,0.2677
16228,000000016228.jpg,false_positive,,person,0.45850858092308044,0.2798
16228,000000016228.jpg,false_positive,,person,0.6792325377464294,0.0628
16228,000000016228.jpg,false_positive,,person,0.8121746182441711,0.0394
16228,000000016228.jpg,false_positive,,person,0.8611487746238708,0.0
16228,000000016228.jpg,false_positive,,person,0.8147839307785034,0.0
16228,000000016228.jpg,false_positive,,person,0.5036579966545105,0.0348
16228,000000016228.jpg,false_positive,,person,0.7181652188301086,0.1533
16228,000000016228.jpg,false_positive,,person,0.4167979657649994,0.114
16228,000000016228.jpg,false_positive,,person,0.5868949294090271,0.1824
17627,000000017627.jpg,localization_error,car,car,0.9171062707901001,0.324
17627,000000017627.jpg,localization_error,car,car,0.9107331037521362,0.4744
17627,000000017627.jpg,localization_error,person,person,0.5421581864356995,0.4178
17627,000000017627.jpg,missed_object,bus,,,0
17627,000000017627.jpg,false_positive,,person,0.8358925580978394,0.0
17627,000000017627.jpg,false_positive,,person,0.7434965968132019,0.0383
17627,000000017627.jpg,false_positive,,car,0.31588324904441833,0.4788
17627,000000017627.jpg,false_positive,,car,0.40583840012550354,0.3197
17627,000000017627.jpg,false_positive,,person,0.3906194269657135,0.0419
17627,000000017627.jpg,false_positive,,car,0.4805019497871399,0.2828
17627,000000017627.jpg,false_positive,,truck,0.3839048445224762,0.7196
17627,000000017627.jpg,false_positive,,car,0.9259328246116638,0.8985
23899,000000023899.jpg,localization_error,person,person,0.9724150896072388,0.4968
23899,000000023899.jpg,false_positive,,person,0.40384113788604736,0.548
23899,000000023899.jpg,false_positive,,person,0.7776244878768921,0.4398
33638,000000033638.jpg,false_positive,,bottle,0.8016482591629028,0.0
33638,000000033638.jpg,false_positive,,bottle,0.8697632551193237,0.0
33638,000000033638.jpg,false_positive,,bottle,0.8292707800865173,0.0
33638,000000033638.jpg,false_positive,,bottle,0.5101392269134521,0.0
33638,000000033638.jpg,false_positive,,bottle,0.36654165387153625,0.0
33638,000000033638.jpg,false_positive,,bottle,0.608417272567749,0.0
34873,000000034873.jpg,false_positive,,chair,0.5796898603439331,0.2716
34873,000000034873.jpg,false_positive,,bottle,0.9111210107803345,0.0
34873,000000034873.jpg,false_positive,,bottle,0.9014765620231628,0.0
37777,000000037777.jpg,false_positive,,bottle,0.6385185718536377,0.0
37777,000000037777.jpg,false_positive,,bottle,0.4585919976234436,0.0
38829,000000038829.jpg,localization_error,person,person,0.839511513710022,0.4184
38829,000000038829.jpg,missed_object,bicycle,,,0
38829,000000038829.jpg,false_positive,,motorcycle,0.40540844202041626,0.2671
38829,000000038829.jpg,false_positive,,person,0.5091689825057983,0.0
38829,000000038829.jpg,false_positive,,motorcycle,0.35608160495758057,0.4195
39956,000000039956.jpg,false_positive,,bottle,0.8078741431236267,0.0
43314,000000043314.jpg,missed_object,person,,,0
43314,000000043314.jpg,missed_object,person,,,0
50326,000000050326.jpg,missed_object,chair,,,0
53994,000000053994.jpg,missed_object,car,,,0
57238,000000057238.jpg,false_positive,,chair,0.7500038146972656,0.559
57597,000000057597.jpg,classification_error,truck,car,0.887718677520752,0.7729
57597,000000057597.jpg,classification_error,truck,car,0.74834144115448,0.7517
57597,000000057597.jpg,localization_error,car,car,0.8941076993942261,0.4039
57597,000000057597.jpg,localization_error,person,person,0.9866296052932739,0.4006
57597,000000057597.jpg,localization_error,person,person,0.5043832659721375,0.4934
57597,000000057597.jpg,missed_object,car,,,0
57597,000000057597.jpg,missed_object,car,,,0
57597,000000057597.jpg,missed_object,person,,,0
57597,000000057597.jpg,false_positive,,person,0.37595894932746887,0.1358
57597,000000057597.jpg,false_positive,,person,0.6693029403686523,0.0927
57597,000000057597.jpg,false_positive,,person,0.9069582223892212,0.4255
57597,000000057597.jpg,false_positive,,person,0.5743122696876526,0.1709
57597,000000057597.jpg,false_positive,,person,0.6230896711349487,0.0109
57597,000000057597.jpg,false_positive,,person,0.6087253093719482,0.4906
57597,000000057597.jpg,false_positive,,person,0.5648730993270874,0.0101
57597,000000057597.jpg,false_positive,,person,0.611427903175354,0.1208
57597,000000057597.jpg,false_positive,,person,0.6372615098953247,0.0
57597,000000057597.jpg,false_positive,,person,0.4346892237663269,0.0
57597,000000057597.jpg,false_positive,,person,0.8148429989814758,0.0355
57597,000000057597.jpg,false_positive,,car,0.9466285705566406,0.6443
57597,000000057597.jpg,false_positive,,person,0.5781058073043823,0.1492
57597,000000057597.jpg,false_positive,,person,0.7867189049720764,0.1181
57597,000000057597.jpg,false_positive,,person,0.5048884153366089,0.0002
57597,000000057597.jpg,false_positive,,person,0.6805403828620911,0.0
57597,000000057597.jpg,false_positive,,person,0.5543848872184753,0.0226
57597,000000057597.jpg,false_positive,,person,0.3956623673439026,0.0219
57597,000000057597.jpg,false_positive,,person,0.6210189461708069,0.1764
57597,000000057597.jpg,false_positive,,person,0.8909690380096436,0.128
57597,000000057597.jpg,false_positive,,person,0.7268785834312439,0.2464
59044,000000059044.jpg,localization_error,person,person,0.8441537022590637,0.4702
59044,000000059044.jpg,localization_error,person,person,0.9325290322303772,0.3699
59044,000000059044.jpg,missed_object,person,,,0
59044,000000059044.jpg,false_positive,,person,0.9633330702781677,0.0625
59044,000000059044.jpg,false_positive,,person,0.5225671529769897,0.0226
59044,000000059044.jpg,false_positive,,person,0.8667150139808655,0.2435
59044,000000059044.jpg,false_positive,,person,0.5758076906204224,0.0246
59044,000000059044.jpg,false_positive,,person,0.9608272314071655,0.5947
59044,000000059044.jpg,false_positive,,person,0.3093688488006592,0.679
59044,000000059044.jpg,false_positive,,person,0.9521641731262207,0.2286
59044,000000059044.jpg,false_positive,,person,0.9865126609802246,0.7578
59044,000000059044.jpg,false_positive,,person,0.40360793471336365,0.026
59044,000000059044.jpg,false_positive,,person,0.9890783429145813,0.4682
59044,000000059044.jpg,false_positive,,person,0.9337889552116394,0.3527
59044,000000059044.jpg,false_positive,,person,0.3951217830181122,0.2068
59044,000000059044.jpg,false_positive,,person,0.9687813520431519,0.6819
59044,000000059044.jpg,false_positive,,person,0.9475635886192322,0.0243
59044,000000059044.jpg,false_positive,,person,0.7325618863105774,0.0083
78915,000000078915.jpg,false_positive,,chair,0.864033579826355,0.0231
78915,000000078915.jpg,false_positive,,chair,0.8542776703834534,0.1286
78915,000000078915.jpg,false_positive,,chair,0.8108170628547668,0.0
78915,000000078915.jpg,false_positive,,chair,0.30179956555366516,0.0834
78915,000000078915.jpg,false_positive,,chair,0.9096494317054749,0.0664
78915,000000078915.jpg,false_positive,,chair,0.8436110615730286,0.0647
78915,000000078915.jpg,false_positive,,chair,0.8907786011695862,0.1146
78915,000000078915.jpg,false_positive,,person,0.8497633337974548,0.2044
78915,000000078915.jpg,false_positive,,person,0.9477354288101196,0.376
78915,000000078915.jpg,false_positive,,chair,0.8640382885932922,0.1528
78915,000000078915.jpg,false_positive,,chair,0.7596081495285034,0.0256
78915,000000078915.jpg,false_positive,,person,0.8877506256103516,0.0647
78915,000000078915.jpg,false_positive,,person,0.9567479491233826,0.0525
78915,000000078915.jpg,false_positive,,chair,0.37661802768707275,0.0624
78915,000000078915.jpg,false_positive,,chair,0.8792589902877808,0.3209
78915,000000078915.jpg,false_positive,,chair,0.8785911202430725,0.1083
78915,000000078915.jpg,false_positive,,chair,0.8588183522224426,0.2551
78915,000000078915.jpg,false_positive,,person,0.36791205406188965,0.0574
78915,000000078915.jpg,false_positive,,chair,0.5266740918159485,0.1497
80340,000000080340.jpg,false_positive,,person,0.4512256979942322,0.0
80340,000000080340.jpg,false_positive,,person,0.9767147898674011,0.0793
80340,000000080340.jpg,false_positive,,person,0.9579116106033325,0.0
80340,000000080340.jpg,false_positive,,person,0.9437182545661926,0.3542
80340,000000080340.jpg,false_positive,,person,0.9022645354270935,0.0838
82180,000000082180.jpg,missed_object,chair,,,0
87038,000000087038.jpg,localization_error,person,person,0.7978094220161438,0.4346
87038,000000087038.jpg,localization_error,person,person,0.9594489336013794,0.3584
87038,000000087038.jpg,missed_object,bicycle,,,0
87038,000000087038.jpg,missed_object,person,,,0
87038,000000087038.jpg,missed_object,person,,,0
87038,000000087038.jpg,false_positive,,person,0.8951138854026794,0.0584
87038,000000087038.jpg,false_positive,,person,0.9248899221420288,0.6074
87038,000000087038.jpg,false_positive,,person,0.7773600220680237,0.3726
87038,000000087038.jpg,false_positive,,person,0.9138426184654236,0.0
87038,000000087038.jpg,false_positive,,person,0.848571240901947,0.0
87038,000000087038.jpg,false_positive,,person,0.6774272918701172,0.0345
87038,000000087038.jpg,false_positive,,person,0.9077959060668945,0.0101
87038,000000087038.jpg,false_positive,,person,0.45131102204322815,0.2277
87038,000000087038.jpg,false_positive,,person,0.9038739204406738,0.2918
87038,000000087038.jpg,false_positive,,person,0.8951389193534851,0.785
87038,000000087038.jpg,false_positive,,person,0.6891345977783203,0.0786
87038,000000087038.jpg,false_positive,,person,0.930830717086792,0.0
87038,000000087038.jpg,false_positive,,person,0.43063294887542725,0.0
87038,000000087038.jpg,false_positive,,person,0.9714667797088623,0.6101
87038,000000087038.jpg,false_positive,,person,0.36484283208847046,0.0
87038,000000087038.jpg,false_positive,,person,0.9205071330070496,0.3766
87038,000000087038.jpg,false_positive,,person,0.8561810255050659,0.3526
87038,000000087038.jpg,false_positive,,person,0.7234278321266174,0.0
87038,000000087038.jpg,false_positive,,person,0.9636105895042419,0.0
89648,000000089648.jpg,localization_error,chair,chair,0.6051791310310364,0.1785
89648,000000089648.jpg,localization_error,chair,chair,0.9453275799751282,0.3207
89648,000000089648.jpg,localization_error,chair,chair,0.517691969871521,0.1428
89648,000000089648.jpg,localization_error,chair,chair,0.3575347661972046,0.3088
89648,000000089648.jpg,localization_error,person,person,0.989849328994751,0.4801
89648,000000089648.jpg,missed_object,chair,,,0
89648,000000089648.jpg,missed_object,chair,,,0
89648,000000089648.jpg,missed_object,chair,,,0
89648,000000089648.jpg,missed_object,chair,,,0
89648,000000089648.jpg,missed_object,chair,,,0
89648,000000089648.jpg,missed_object,chair,,,0
89648,000000089648.jpg,false_positive,,chair,0.716234028339386,0.0554
89648,000000089648.jpg,false_positive,,chair,0.46587681770324707,0.1781
89648,000000089648.jpg,false_positive,,person,0.8155770301818848,0.5485
89648,000000089648.jpg,false_positive,,person,0.8842849135398865,0.0402
89648,000000089648.jpg,false_positive,,chair,0.8219365477561951,0.0951
89648,000000089648.jpg,false_positive,,chair,0.91402667760849,0.0422
89648,000000089648.jpg,false_positive,,chair,0.35569217801094055,0.2594
89648,000000089648.jpg,false_positive,,chair,0.8043617010116577,0.7143
89648,000000089648.jpg,false_positive,,chair,0.5088158845901489,0.1657
89648,000000089648.jpg,false_positive,,chair,0.9318036437034607,0.6746
96493,000000096493.jpg,false_positive,,person,0.9834260940551758,0.4358
97679,000000097679.jpg,false_positive,,person,0.9032402634620667,0.0165
97679,000000097679.jpg,false_positive,,person,0.956889271736145,0.0924
99054,000000099054.jpg,false_positive,,person,0.41119566559791565,0.0
99054,000000099054.jpg,false_positive,,truck,0.568717360496521,0.0
99054,000000099054.jpg,false_positive,,person,0.5808241367340088,0.0
100624,000000100624.jpg,missed_object,car,,,0
100624,000000100624.jpg,missed_object,car,,,0
107226,000000107226.jpg,localization_error,dog,dog,0.32381030917167664,0.443
107226,000000107226.jpg,localization_error,person,person,0.9242499470710754,0.2174
107226,000000107226.jpg,localization_error,person,person,0.8891207575798035,0.4665
107226,000000107226.jpg,false_positive,,person,0.361377090215683,0.0633
107226,000000107226.jpg,false_positive,,person,0.9798897504806519,0.2804
107226,000000107226.jpg,false_positive,,person,0.8816207051277161,0.0221
107226,000000107226.jpg,false_positive,,person,0.5350933074951172,0.1674
107226,000000107226.jpg,false_positive,,bicycle,0.4661024510860443,0.2454
113235,000000113235.jpg,missed_object,car,,,0
113235,000000113235.jpg,false_positive,,dog,0.6808335185050964,0.0
117425,000000117425.jpg,missed_object,person,,,0
117425,000000117425.jpg,false_positive,,chair,0.8921701908111572,0.4878
117425,000000117425.jpg,false_positive,,person,0.7165848612785339,0.1657
121506,000000121506.jpg,localization_error,chair,chair,0.3799766004085541,0.3855
121506,000000121506.jpg,missed_object,chair,,,0
121506,000000121506.jpg,false_positive,,car,0.3795109987258911,0.0833
121506,000000121506.jpg,false_positive,,car,0.5967614650726318,0.5276
121506,000000121506.jpg,false_positive,,car,0.6477451920509338,0.3664
121506,000000121506.jpg,false_positive,,car,0.30652081966400146,0.095
122046,000000122046.jpg,missed_object,chair,,,0
131131,000000131131.jpg,false_positive,,cat,0.6834508776664734,0.1989
135561,000000135561.jpg,missed_object,bottle,,,0
137246,000000137246.jpg,false_positive,,chair,0.8970876336097717,0.0
137246,000000137246.jpg,false_positive,,chair,0.8619717955589294,0.0089
137246,000000137246.jpg,false_positive,,chair,0.9313521981239319,0.0
137246,000000137246.jpg,false_positive,,chair,0.5010930895805359,0.0
137246,000000137246.jpg,false_positive,,chair,0.3674895763397217,0.0278
137246,000000137246.jpg,false_positive,,chair,0.3937697112560272,0.0
137246,000000137246.jpg,false_positive,,chair,0.4438498914241791,0.0
137246,000000137246.jpg,false_positive,,chair,0.9206355214118958,0.0525
137246,000000137246.jpg,false_positive,,chair,0.6421176195144653,0.0
137246,000000137246.jpg,false_positive,,chair,0.38473954796791077,0.0
137246,000000137246.jpg,false_positive,,chair,0.9421877861022949,0.0
137246,000000137246.jpg,false_positive,,chair,0.837653398513794,0.0025
137246,000000137246.jpg,false_positive,,chair,0.4728611409664154,0.2886
141821,000000141821.jpg,missed_object,person,,,0
141821,000000141821.jpg,false_positive,,bottle,0.3079325556755066,0.1599
141821,000000141821.jpg,false_positive,,person,0.9791237115859985,0.662
141821,000000141821.jpg,false_positive,,person,0.5568214058876038,0.2854
141821,000000141821.jpg,false_positive,,person,0.5235111713409424,0.5878
141821,000000141821.jpg,false_positive,,chair,0.8619223833084106,0.1135
143931,000000143931.jpg,classification_error,bus,truck,0.31248337030410767,0.995
143931,000000143931.jpg,false_positive,,bus,0.4320444166660309,0.992
151000,000000151000.jpg,missed_object,person,,,0
151000,000000151000.jpg,false_positive,,person,0.6395941376686096,0.6907
158548,000000158548.jpg,localization_error,person,person,0.5465264916419983,0.1697
158548,000000158548.jpg,localization_error,person,person,0.3514297902584076,0.3266
158548,000000158548.jpg,localization_error,person,person,0.5510964393615723,0.3242
158548,000000158548.jpg,missed_object,person,,,0
158548,000000158548.jpg,missed_object,person,,,0
158548,000000158548.jpg,missed_object,person,,,0
158548,000000158548.jpg,missed_object,person,,,0
158548,000000158548.jpg,missed_object,person,,,0
158548,000000158548.jpg,missed_object,car,,,0
158548,000000158548.jpg,missed_object,motorcycle,,,0
158548,000000158548.jpg,missed_object,truck,,,0
158548,000000158548.jpg,missed_object,person,,,0
158548,000000158548.jpg,false_positive,,person,0.534843385219574,0.0
158548,000000158548.jpg,false_positive,,person,0.49631989002227783,0.0714
158548,000000158548.jpg,false_positive,,person,0.6688205599784851,0.0683
158548,000000158548.jpg,false_positive,,person,0.504413902759552,0.0
158548,000000158548.jpg,false_positive,,person,0.4361151158809662,0.1697
158548,000000158548.jpg,false_positive,,person,0.5964866876602173,0.4824
158548,000000158548.jpg,false_positive,,person,0.5292204022407532,0.0317
158548,000000158548.jpg,false_positive,,person,0.41800349950790405,0.0108
158548,000000158548.jpg,false_positive,,person,0.4594475328922272,0.1833
158548,000000158548.jpg,false_positive,,person,0.6833982467651367,0.2726
158548,000000158548.jpg,false_positive,,person,0.4490801692008972,0.0286
158548,000000158548.jpg,false_positive,,person,0.7845656275749207,0.3808
158548,000000158548.jpg,false_positive,,person,0.686033308506012,0.0
158548,000000158548.jpg,false_positive,,person,0.64662766456604,0.604
158548,000000158548.jpg,false_positive,,person,0.41157370805740356,0.0138
159458,000000159458.jpg,false_positive,,chair,0.7287582755088806,0.0505
159458,000000159458.jpg,false_positive,,dog,0.3473401367664337,0.1131
162035,000000162035.jpg,localization_error,person,person,0.9349758625030518,0.4869
162035,000000162035.jpg,false_positive,,person,0.3360536992549896,0.0
162035,000000162035.jpg,false_positive,,person,0.3124810457229614,0.0028
162035,000000162035.jpg,false_positive,,person,0.9555716514587402,0.0
162035,000000162035.jpg,false_positive,,person,0.9839603304862976,0.0
162092,000000162092.jpg,localization_error,person,person,0.9865342378616333,0.3952
162092,000000162092.jpg,missed_object,chair,,,0
162092,000000162092.jpg,false_positive,,person,0.8937997221946716,0.5174
162092,000000162092.jpg,false_positive,,person,0.5867899060249329,0.0087
162092,000000162092.jpg,false_positive,,person,0.9474623203277588,0.0534
162092,000000162092.jpg,false_positive,,person,0.6595526933670044,0.3266
162092,000000162092.jpg,false_positive,,person,0.4400686025619507,0.0032
162092,000000162092.jpg,false_positive,,person,0.5734509825706482,0.2412
162092,000000162092.jpg,false_positive,,person,0.4634448289871216,0.023
166277,000000166277.jpg,false_positive,,bottle,0.7319022417068481,0.0
166391,000000166391.jpg,classification_error,car,truck,0.39819544553756714,0.924
166391,000000166391.jpg,classification_error,truck,car,0.7943671345710754,0.9032
166391,000000166391.jpg,classification_error,truck,car,0.8662067651748657,0.8499
166391,000000166391.jpg,classification_error,truck,car,0.3558107912540436,0.7385
166391,000000166391.jpg,classification_error,truck,car,0.8080213665962219,0.6084
166391,000000166391.jpg,classification_error,truck,car,0.5924461483955383,0.5501
166391,000000166391.jpg,localization_error,car,car,0.3670888841152191,0.2207
166391,000000166391.jpg,missed_object,truck,,,0
166391,000000166391.jpg,false_positive,,car,0.36378127336502075,0.0
166391,000000166391.jpg,false_positive,,car,0.3594936728477478,0.0
166391,000000166391.jpg,false_positive,,car,0.7000834941864014,0.0
166391,000000166391.jpg,false_positive,,car,0.6942421793937683,0.0
166391,000000166391.jpg,false_positive,,car,0.8481313586235046,0.0
166391,000000166391.jpg,false_positive,,car,0.3567425608634949,0.8937
166391,000000166391.jpg,false_positive,,car,0.7809487581253052,0.4433
166391,000000166391.jpg,false_positive,,truck,0.40990525484085083,0.893
166391,000000166391.jpg,false_positive,,car,0.5078946948051453,0.6974
166391,000000166391.jpg,false_positive,,car,0.742982029914856,0.0
166391,000000166391.jpg,false_positive,,car,0.538448691368103,0.0
166391,000000166391.jpg,false_positive,,car,0.7872612476348877,0.657
166391,000000166391.jpg,false_positive,,car,0.3393457233905792,0.4706
166391,000000166391.jpg,false_positive,,car,0.8056396245956421,0.4894
166391,000000166391.jpg,false_positive,,car,0.4702610969543457,0.2293
166391,000000166391.jpg,false_positive,,car,0.8139443397521973,0.3529
166391,000000166391.jpg,false_positive,,car,0.5760879516601562,0.0
166391,000000166391.jpg,false_positive,,car,0.49855509400367737,0.5303
166391,000000166391.jpg,false_positive,,car,0.8036340475082397,0.0077
166391,000000166391.jpg,false_positive,,car,0.3752530813217163,0.0
166391,000000166391.jpg,false_positive,,car,0.7205319404602051,0.5023
166391,000000166391.jpg,false_positive,,car,0.7689422369003296,0.0
166391,000000166391.jpg,false_positive,,car,0.635485827922821,0.0
166391,000000166391.jpg,false_positive,,car,0.6968937516212463,0.6686
166391,000000166391.jpg,false_positive,,car,0.31369292736053467,0.6862
166391,000000166391.jpg,false_positive,,car,0.7019223570823669,0.8568
168330,000000168330.jpg,false_positive,,car,0.6413660049438477,0.2617
168330,000000168330.jpg,false_positive,,car,0.44217345118522644,0.0
168330,000000168330.jpg,false_positive,,car,0.5676212906837463,0.5689
171190,000000171190.jpg,localization_error,bottle,bottle,0.7077968120574951,0.3941
171190,000000171190.jpg,localization_error,bottle,bottle,0.5555676221847534,0.2573
171190,000000171190.jpg,false_positive,,person,0.9855595827102661,0.6906
171190,000000171190.jpg,false_positive,,person,0.6783943772315979,0.7496
171190,000000171190.jpg,false_positive,,chair,0.9185612201690674,0.0671
171190,000000171190.jpg,false_positive,,chair,0.9354779124259949,0.5311
171190,000000171190.jpg,false_positive,,chair,0.8729163408279419,0.1069
171190,000000171190.jpg,false_positive,,bottle,0.31054994463920593,0.0326
171190,000000171190.jpg,false_positive,,chair,0.7787326574325562,0.5853
171190,000000171190.jpg,false_positive,,bottle,0.301137238740921,0.7419
171190,000000171190.jpg,false_positive,,chair,0.7828783988952637,0.091
171190,000000171190.jpg,false_positive,,chair,0.8807234168052673,0.1044
171190,000000171190.jpg,false_positive,,person,0.9206233620643616,0.3773
171190,000000171190.jpg,false_positive,,bottle,0.5909188389778137,0.0467
171190,000000171190.jpg,false_positive,,chair,0.9080381393432617,0.1548
171190,000000171190.jpg,false_positive,,chair,0.76259845495224,0.2233
171190,000000171190.jpg,false_positive,,bottle,0.8487454652786255,0.5021
171190,000000171190.jpg,false_positive,,chair,0.9108006358146667,0.0807
171190,000000171190.jpg,false_positive,,bottle,0.36752641201019287,0.0421
171190,000000171190.jpg,false_positive,,chair,0.3526495397090912,0.4819
171190,000000171190.jpg,false_positive,,bottle,0.39317309856414795,0.3604
172571,000000172571.jpg,false_positive,,person,0.5873974561691284,0.3181
172571,000000172571.jpg,false_positive,,person,0.9832063913345337,0.4706
172946,000000172946.jpg,missed_object,person,,,0
172946,000000172946.jpg,missed_object,person,,,0
172946,000000172946.jpg,false_positive,,person,0.38321733474731445,0.668
172946,000000172946.jpg,false_positive,,person,0.47005173563957214,0.5422
172946,000000172946.jpg,false_positive,,person,0.9947410821914673,0.4708
172946,000000172946.jpg,false_positive,,person,0.44500094652175903,0.0203
172946,000000172946.jpg,false_positive,,person,0.6603587865829468,0.013
172946,000000172946.jpg,false_positive,,person,0.9038788676261902,0.3908
172946,000000172946.jpg,false_positive,,person,0.7302049994468689,0.2784
172946,000000172946.jpg,false_positive,,person,0.3230009973049164,0.9552
172946,000000172946.jpg,false_positive,,person,0.9902340173721313,0.6156
172946,000000172946.jpg,false_positive,,person,0.9275674223899841,0.3319
172946,000000172946.jpg,false_positive,,person,0.9014329314231873,0.579
173004,000000173004.jpg,missed_object,chair,,,0
173004,000000173004.jpg,false_positive,,bottle,0.7726061344146729,0.1548
173004,000000173004.jpg,false_positive,,person,0.8390588760375977,0.0
174482,000000174482.jpg,classification_error,truck,car,0.8513868451118469,0.7567
174482,000000174482.jpg,missed_object,truck,,,0
174482,000000174482.jpg,false_positive,,car,0.7792521119117737,0.0458
174482,000000174482.jpg,false_positive,,car,0.9190179109573364,0.5573
174482,000000174482.jpg,false_positive,,car,0.4484044015407562,0.9469
174482,000000174482.jpg,false_positive,,truck,0.446896493434906,0.9464
174482,000000174482.jpg,false_positive,,car,0.4538900554180145,0.2764
174482,000000174482.jpg,false_positive,,car,0.3756839334964752,0.2033
174482,000000174482.jpg,false_positive,,car,0.7734460830688477,0.1172
174482,000000174482.jpg,false_positive,,car,0.5857415795326233,0.4431
174482,000000174482.jpg,false_positive,,car,0.6915997266769409,0.0
174482,000000174482.jpg,false_positive,,car,0.5967168807983398,0.0238
174482,000000174482.jpg,false_positive,,car,0.9198296070098877,0.616
176606,000000176606.jpg,false_positive,,person,0.8358925580978394,0.5005
177015,000000177015.jpg,false_positive,,person,0.8332758545875549,0.5802
180560,000000180560.jpg,false_positive,,person,0.9789038896560669,0.0436
181666,000000181666.jpg,false_positive,,person,0.36708033084869385,0.4162
181859,000000181859.jpg,false_positive,,bottle,0.8253610134124756,0.0
181859,000000181859.jpg,false_positive,,bottle,0.5694515109062195,0.0
181859,000000181859.jpg,false_positive,,bottle,0.7331511378288269,0.0416
182021,000000182021.jpg,missed_object,person,,,0
186873,000000186873.jpg,false_positive,,person,0.9279361963272095,0.0
186873,000000186873.jpg,false_positive,,person,0.7217448353767395,0.0
186873,000000186873.jpg,false_positive,,person,0.4737650752067566,0.0
186873,000000186873.jpg,false_positive,,person,0.9154118299484253,0.5544
186873,000000186873.jpg,false_positive,,person,0.8568690419197083,0.5573
186873,000000186873.jpg,false_positive,,person,0.7800925970077515,0.0453
186873,000000186873.jpg,false_positive,,person,0.6357367038726807,0.4904
186980,000000186980.jpg,false_positive,,bottle,0.700431764125824,0.011
186980,000000186980.jpg,false_positive,,bottle,0.7722929120063782,0.0
186980,000000186980.jpg,false_positive,,chair,0.344086617231369,0.0246
186980,000000186980.jpg,false_positive,,bottle,0.5272242426872253,0.0083
186980,000000186980.jpg,false_positive,,chair,0.6650421619415283,0.0543
186980,000000186980.jpg,false_positive,,bottle,0.4713461101055145,0.0218
186980,000000186980.jpg,false_positive,,bottle,0.6960046887397766,0.0
186980,000000186980.jpg,false_positive,,chair,0.8268173933029175,0.1658
186980,000000186980.jpg,false_positive,,bottle,0.6758919954299927,0.0
186980,000000186980.jpg,false_positive,,bottle,0.6076090931892395,0.0123
187243,000000187243.jpg,false_positive,,bottle,0.6226895451545715,0.0
189310,000000189310.jpg,false_positive,,chair,0.685992419719696,0.0
201072,000000201072.jpg,false_positive,,person,0.9803622961044312,0.0488
201072,000000201072.jpg,false_positive,,person,0.9614297151565552,0.101
201072,000000201072.jpg,false_positive,,person,0.8664981722831726,0.1207
201072,000000201072.jpg,false_positive,,person,0.9318950772285461,0.0368
201072,000000201072.jpg,false_positive,,person,0.6763651967048645,0.1878
201072,000000201072.jpg,false_positive,,person,0.9876229763031006,0.0056
201072,000000201072.jpg,false_positive,,person,0.9299936890602112,0.2059
201072,000000201072.jpg,false_positive,,person,0.9871613383293152,0.0803
214720,000000214720.jpg,missed_object,chair,,,0
214720,000000214720.jpg,false_positive,,bottle,0.7233569025993347,0.0
214720,000000214720.jpg,false_positive,,person,0.9480561017990112,0.0
217285,000000217285.jpg,localization_error,person,person,0.8599631190299988,0.1649
217285,000000217285.jpg,localization_error,chair,chair,0.5670901536941528,0.4861
217285,000000217285.jpg,localization_error,chair,chair,0.9224766492843628,0.3073
217285,000000217285.jpg,localization_error,chair,chair,0.9405795931816101,0.4961
217285,000000217285.jpg,localization_error,chair,chair,0.8642284870147705,0.4107
217285,000000217285.jpg,localization_error,chair,chair,0.9363178014755249,0.4925
217285,000000217285.jpg,localization_error,chair,chair,0.8108670711517334,0.3931
217285,000000217285.jpg,localization_error,person,person,0.6444680094718933,0.3514
217285,000000217285.jpg,false_positive,,chair,0.6512797474861145,0.0
217285,000000217285.jpg,false_positive,,person,0.5215007066726685,0.2726
217285,000000217285.jpg,false_positive,,person,0.967431366443634,0.0
217285,000000217285.jpg,false_positive,,chair,0.6512811779975891,0.0
217285,000000217285.jpg,false_positive,,person,0.5184808969497681,0.2905
217285,000000217285.jpg,false_positive,,person,0.3963356912136078,0.0154
217285,000000217285.jpg,false_positive,,person,0.9735521078109741,0.0205
217285,000000217285.jpg,false_positive,,person,0.9120271801948547,0.0485
217285,000000217285.jpg,false_positive,,chair,0.7386415004730225,0.25
217285,000000217285.jpg,false_positive,,chair,0.8436084389686584,0.0
217285,000000217285.jpg,false_positive,,chair,0.955166757106781,0.1921
217285,000000217285.jpg,false_positive,,person,0.6043429374694824,0.3517
217285,000000217285.jpg,false_positive,,person,0.37518244981765747,0.008
217285,000000217285.jpg,false_positive,,person,0.9546529650688171,0.0416
217285,000000217285.jpg,false_positive,,person,0.4948204457759857,0.0314
217285,000000217285.jpg,false_positive,,person,0.9443693161010742,0.0
217285,000000217285.jpg,false_positive,,person,0.7796762585639954,0.0066
217285,000000217285.jpg,false_positive,,person,0.8780487179756165,0.0
217285,000000217285.jpg,false_positive,,person,0.8373586535453796,0.0
217285,000000217285.jpg,false_positive,,chair,0.7029187083244324,0.0
217285,000000217285.jpg,false_positive,,person,0.6009640097618103,0.0932
217285,000000217285.jpg,false_positive,,chair,0.8361068964004517,0.0
217285,000000217285.jpg,false_positive,,person,0.8149039149284363,0.0373
217285,000000217285.jpg,false_positive,,person,0.670844316482544,0.1216
217285,000000217285.jpg,false_positive,,person,0.7433948516845703,0.1379
217285,000000217285.jpg,false_positive,,person,0.3516347408294678,0.0
217285,000000217285.jpg,false_positive,,person,0.6960838437080383,0.1128
218091,000000218091.jpg,missed_object,chair,,,0
218091,000000218091.jpg,missed_object,chair,,,0
218091,000000218091.jpg,false_positive,,chair,0.9300289154052734,0.0763
221708,000000221708.jpg,missed_object,chair,,,0
221708,000000221708.jpg,false_positive,,chair,0.7388590574264526,0.002
226147,000000226147.jpg,missed_object,chair,,,0
226147,000000226147.jpg,missed_object,chair,,,0
226903,000000226903.jpg,missed_object,bottle,,,0
226903,000000226903.jpg,false_positive,,chair,0.8376997709274292,0.0944
228144,000000228144.jpg,missed_object,chair,,,0
228144,000000228144.jpg,missed_object,chair,,,0
231339,000000231339.jpg,false_positive,,bottle,0.8037412166595459,0.0
231339,000000231339.jpg,false_positive,,bottle,0.5951102375984192,0.0
231339,000000231339.jpg,false_positive,,bottle,0.5903662443161011,0.0
231508,000000231508.jpg,classification_error,car,truck,0.3651597499847412,0.5697
231508,000000231508.jpg,localization_error,person,person,0.9491468071937561,0.4816
231508,000000231508.jpg,localization_error,chair,chair,0.9252128601074219,0.5
231508,000000231508.jpg,localization_error,chair,chair,0.46575137972831726,0.2856
231508,000000231508.jpg,missed_object,chair,,,0
231508,000000231508.jpg,false_positive,,person,0.8626797199249268,0.0
231508,000000231508.jpg,false_positive,,car,0.7994668483734131,0.5058
231508,000000231508.jpg,false_positive,,person,0.5349404811859131,0.0
231508,000000231508.jpg,false_positive,,chair,0.8129876255989075,0.2898
231508,000000231508.jpg,false_positive,,person,0.8038057088851929,0.21
231508,000000231508.jpg,false_positive,,person,0.8423768877983093,0.0
231508,000000231508.jpg,false_positive,,person,0.5982268452644348,0.0
231508,000000231508.jpg,false_positive,,person,0.4648156464099884,0.0
231508,000000231508.jpg,false_positive,,person,0.9586992859840393,0.1616
231508,000000231508.jpg,false_positive,,chair,0.3383632302284241,0.1634
231508,000000231508.jpg,false_positive,,person,0.5677107572555542,0.0
231508,000000231508.jpg,false_positive,,person,0.8760058879852295,0.0
231508,000000231508.jpg,false_positive,,person,0.7933624386787415,0.0
231508,000000231508.jpg,false_positive,,person,0.9086621403694153,0.0
231508,000000231508.jpg,false_positive,,person,0.7184941172599792,0.0
231508,000000231508.jpg,false_positive,,person,0.8052563071250916,0.0
231508,000000231508.jpg,false_positive,,person,0.7816392779350281,0.0897
231508,000000231508.jpg,false_positive,,chair,0.3607094883918762,0.1498
231508,000000231508.jpg,false_positive,,person,0.8855714201927185,0.0
231508,000000231508.jpg,false_positive,,person,0.830224871635437,0.0
231508,000000231508.jpg,false_positive,,chair,0.703915536403656,0.4982
231508,000000231508.jpg,false_positive,,chair,0.49955621361732483,0.1035
231508,000000231508.jpg,false_positive,,chair,0.9393758177757263,0.5341
231508,000000231508.jpg,false_positive,,chair,0.8735577464103699,0.5888
231508,000000231508.jpg,false_positive,,chair,0.8342095613479614,0.4502
231508,000000231508.jpg,false_positive,,person,0.8987215757369995,0.0
231747,000000231747.jpg,missed_object,person,,,0
231747,000000231747.jpg,false_positive,,person,0.8998982906341553,0.0
231747,000000231747.jpg,false_positive,,person,0.8775724768638611,0.0
231747,000000231747.jpg,false_positive,,person,0.8333266973495483,0.0
231747,000000231747.jpg,false_positive,,person,0.9812192320823669,0.124
233771,000000233771.jpg,localization_error,bus,bus,0.357523649930954,0.3053
233771,000000233771.jpg,localization_error,person,person,0.8627143502235413,0.4538
233771,000000233771.jpg,false_positive,,car,0.6585402488708496,0.0815
233771,000000233771.jpg,false_positive,,person,0.8800042271614075,0.1502
233771,000000233771.jpg,false_positive,,car,0.6737008094787598,0.0551
233771,000000233771.jpg,false_positive,,bus,0.3658301532268524,0.2512
233771,000000233771.jpg,false_positive,,person,0.421394020318985,0.1655
233771,000000233771.jpg,false_positive,,car,0.4643511176109314,0.0286
233771,000000233771.jpg,false_positive,,person,0.4130755066871643,0.1123
233771,000000233771.jpg,false_positive,,car,0.6904683709144592,0.0176
233771,000000233771.jpg,false_positive,,person,0.6823942065238953,0.4373
233771,000000233771.jpg,false_positive,,person,0.607975423336029,0.2747
233771,000000233771.jpg,false_positive,,person,0.9224913716316223,0.0494
233771,000000233771.jpg,false_positive,,person,0.37922558188438416,0.1116
234607,000000234607.jpg,false_positive,,chair,0.8000001311302185,0.0416
239274,000000239274.jpg,localization_error,person,person,0.9738580584526062,0.4977
239274,000000239274.jpg,localization_error,person,person,0.39042970538139343,0.4563
239274,000000239274.jpg,localization_error,person,person,0.6717059016227722,0.2457
239274,000000239274.jpg,localization_error,person,person,0.38323479890823364,0.2441
239274,000000239274.jpg,localization_error,person,person,0.5178688168525696,0.4303
239274,000000239274.jpg,missed_object,person,,,0
239274,000000239274.jpg,missed_object,person,,,0
239274,000000239274.jpg,false_positive,,person,0.6424489617347717,0.0136
239274,000000239274.jpg,false_positive,,person,0.7912223935127258,0.0
239274,000000239274.jpg,false_positive,,person,0.4004840850830078,0.0
239274,000000239274.jpg,false_positive,,person,0.9054781198501587,0.0615
239274,000000239274.jpg,false_positive,,person,0.6550117135047913,0.0
239274,000000239274.jpg,false_positive,,person,0.7190374732017517,0.0
239274,000000239274.jpg,false_positive,,person,0.6192232370376587,0.0
239274,000000239274.jpg,false_positive,,person,0.8496650457382202,0.0
239274,000000239274.jpg,false_positive,,person,0.7049806118011475,0.0
239274,000000239274.jpg,false_positive,,person,0.7776765823364258,0.0
239274,000000239274.jpg,false_positive,,person,0.8548779487609863,0.0
239274,000000239274.jpg,false_positive,,person,0.6293861865997314,0.0127
239274,000000239274.jpg,false_positive,,person,0.6846582293510437,0.0
239274,000000239274.jpg,false_positive,,person,0.32555705308914185,0.0
239274,000000239274.jpg,false_positive,,person,0.8432227969169617,0.0
239274,000000239274.jpg,false_positive,,person,0.7197772264480591,0.0
239274,000000239274.jpg,false_positive,,person,0.675242006778717,0.0
239274,000000239274.jpg,false_positive,,person,0.7107092142105103,0.0432
239274,000000239274.jpg,false_positive,,person,0.5966429710388184,0.0
239274,000000239274.jpg,false_positive,,person,0.4616997241973877,0.0
239274,000000239274.jpg,false_positive,,person,0.8986179232597351,0.6044
239274,000000239274.jpg,false_positive,,person,0.9847272634506226,0.3927
239274,000000239274.jpg,false_positive,,person,0.7665265798568726,0.0
239274,000000239274.jpg,false_positive,,person,0.7888513803482056,0.0764
239274,000000239274.jpg,false_positive,,person,0.4191635549068451,0.0
239274,000000239274.jpg,false_positive,,person,0.8512950539588928,0.0
239274,000000239274.jpg,false_positive,,person,0.339821994304657,0.6039
239274,000000239274.jpg,false_positive,,person,0.7414785027503967,0.0
239274,000000239274.jpg,false_positive,,person,0.5535600185394287,0.5729
239347,000000239347.jpg,localization_error,person,person,0.9940215945243835,0.3953
252776,000000252776.jpg,false_positive,,person,0.9092943072319031,0.0
253742,000000253742.jpg,localization_error,person,person,0.4360883831977844,0.4497
253742,000000253742.jpg,localization_error,person,person,0.9407139420509338,0.3798
253742,000000253742.jpg,false_positive,,person,0.9356582760810852,0.1076
253742,000000253742.jpg,false_positive,,person,0.9851130247116089,0.5955
260470,000000260470.jpg,localization_error,person,person,0.9776365160942078,0.483
260470,000000260470.jpg,missed_object,person,,,0
260470,000000260470.jpg,false_positive,,person,0.7774613499641418,0.0533
260470,000000260470.jpg,false_positive,,person,0.5884236097335815,0.0
261116,000000261116.jpg,localization_error,person,person,0.9941232800483704,0.305
261982,000000261982.jpg,false_positive,,car,0.6205486059188843,0.0998
261982,000000261982.jpg,false_positive,,car,0.5114943385124207,0.2292
264535,000000264535.jpg,false_positive,,person,0.975536048412323,0.0061
264535,000000264535.jpg,false_positive,,car,0.9077267646789551,0.0
264535,000000264535.jpg,false_positive,,car,0.4341821074485779,0.0
264535,000000264535.jpg,false_positive,,car,0.9477005004882812,0.0
273715,000000273715.jpg,false_positive,,person,0.6377853751182556,0.0217
278848,000000278848.jpg,localization_error,bus,bus,0.3612369894981384,0.3646
278848,000000278848.jpg,false_positive,,person,0.32876938581466675,0.0
278848,000000278848.jpg,false_positive,,person,0.9880103468894958,0.7583
278848,000000278848.jpg,false_positive,,car,0.6486327648162842,0.0
278848,000000278848.jpg,false_positive,,person,0.8208968043327332,0.0
278848,000000278848.jpg,false_positive,,car,0.7550225853919983,0.0236
278848,000000278848.jpg,false_positive,,person,0.5708505511283875,0.0
281414,000000281414.jpg,false_positive,,chair,0.9093912839889526,0.0162
281414,000000281414.jpg,false_positive,,chair,0.7288543581962585,0.1827
281414,000000281414.jpg,false_positive,,chair,0.6012443900108337,0.0229
281414,000000281414.jpg,false_positive,,chair,0.5049547553062439,0.066
281414,000000281414.jpg,false_positive,,chair,0.8804057240486145,0.0694
283520,000000283520.jpg,false_positive,,person,0.8088847398757935,0.0
283520,000000283520.jpg,false_positive,,person,0.4249414801597595,0.0
288042,000000288042.jpg,classification_error,truck,car,0.8961944580078125,0.5169
288042,000000288042.jpg,false_positive,,car,0.7785683274269104,0.0
288042,000000288042.jpg,false_positive,,car,0.8097020387649536,0.0
288042,000000288042.jpg,false_positive,,car,0.6824174523353577,0.0
293804,000000293804.jpg,missed_object,chair,,,0
294831,000000294831.jpg,false_positive,,bottle,0.3101499676704407,0.0
294831,000000294831.jpg,false_positive,,chair,0.9413595199584961,0.0
294831,000000294831.jpg,false_positive,,person,0.9399490356445312,0.0
295713,000000295713.jpg,missed_object,person,,,0
295713,000000295713.jpg,false_positive,,person,0.9825758934020996,0.0
295713,000000295713.jpg,false_positive,,person,0.9942850470542908,0.0
296649,000000296649.jpg,localization_error,person,person,0.9620571136474609,0.3978
296649,000000296649.jpg,missed_object,bicycle,,,0
296649,000000296649.jpg,missed_object,motorcycle,,,0
296649,000000296649.jpg,missed_object,car,,,0
296649,000000296649.jpg,false_positive,,car,0.41326290369033813,0.2023
296649,000000296649.jpg,false_positive,,car,0.8801935315132141,0.4305
296649,000000296649.jpg,false_positive,,car,0.9139178395271301,0.0402
296649,000000296649.jpg,false_positive,,car,0.3365587592124939,0.3663
296649,000000296649.jpg,false_positive,,person,0.8792636394500732,0.1525
296649,000000296649.jpg,false_positive,,person,0.962384045124054,0.1126
296649,000000296649.jpg,false_positive,,person,0.7037854194641113,0.5374
296649,000000296649.jpg,false_positive,,car,0.5119013786315918,0.0263
301135,000000301135.jpg,localization_error,person,person,0.5429827570915222,0.4848
301135,000000301135.jpg,localization_error,car,car,0.7060770392417908,0.3493
301135,000000301135.jpg,missed_object,bicycle,,,0
301135,000000301135.jpg,false_positive,,person,0.3851017355918884,0.0
301135,000000301135.jpg,false_positive,,person,0.5896442532539368,0.0
301135,000000301135.jpg,false_positive,,person,0.3026668131351471,0.0098
301135,000000301135.jpg,false_positive,,person,0.7423722743988037,0.2652
301135,000000301135.jpg,false_positive,,person,0.49837878346443176,0.7419
301135,000000301135.jpg,false_positive,,person,0.7420994639396667,0.0472
301135,000000301135.jpg,false_positive,,car,0.4621644914150238,0.0
301135,000000301135.jpg,false_positive,,person,0.3003557622432709,0.0187
301135,000000301135.jpg,false_positive,,car,0.3512130081653595,0.097
301135,000000301135.jpg,false_positive,,person,0.9578291177749634,0.6417
301135,000000301135.jpg,false_positive,,person,0.9236448407173157,0.0113
301135,000000301135.jpg,false_positive,,person,0.4417017996311188,0.0076
301135,000000301135.jpg,false_positive,,person,0.9049102663993835,0.3103
301135,000000301135.jpg,false_positive,,person,0.8430055975914001,0.3537
301135,000000301135.jpg,false_positive,,person,0.8519055247306824,0.9025
301135,000000301135.jpg,false_positive,,car,0.7217866778373718,0.1199
303818,000000303818.jpg,localization_error,person,person,0.9282665848731995,0.2202
303818,000000303818.jpg,localization_error,person,person,0.9252403378486633,0.4829
303818,000000303818.jpg,localization_error,car,car,0.32871782779693604,0.3423
303818,000000303818.jpg,missed_object,bus,,,0
303818,000000303818.jpg,missed_object,person,,,0
303818,000000303818.jpg,false_positive,,person,0.877850353717804,0.2955
303818,000000303818.jpg,false_positive,,car,0.3449047803878784,0.2084
303818,000000303818.jpg,false_positive,,car,0.5540032386779785,0.0
303818,000000303818.jpg,false_positive,,car,0.5994776487350464,0.0
303818,000000303818.jpg,false_positive,,person,0.8499985933303833,0.4969
303818,000000303818.jpg,false_positive,,person,0.6947391629219055,0.1065
303818,000000303818.jpg,false_positive,,car,0.30440399050712585,0.0
303818,000000303818.jpg,false_positive,,car,0.8333927989006042,0.0067
303818,000000303818.jpg,false_positive,,person,0.462826132774353,0.2697
303818,000000303818.jpg,false_positive,,car,0.36661043763160706,0.0
303818,000000303818.jpg,false_positive,,car,0.5985317230224609,0.0
303818,000000303818.jpg,false_positive,,car,0.6053937077522278,0.0836
303818,000000303818.jpg,false_positive,,car,0.657415509223938,0.0351
303818,000000303818.jpg,false_positive,,car,0.6484447121620178,0.0
303818,000000303818.jpg,false_positive,,car,0.8634998202323914,0.0191
303818,000000303818.jpg,false_positive,,car,0.5278303623199463,0.2487
303818,000000303818.jpg,false_positive,,person,0.313588410615921,0.6065
303818,000000303818.jpg,false_positive,,car,0.6272315382957458,0.0
303818,000000303818.jpg,false_positive,,person,0.6062271595001221,0.0978
303818,000000303818.jpg,false_positive,,person,0.5636557340621948,0.2689
306733,000000306733.jpg,false_positive,,bottle,0.560189425945282,0.4952
308394,000000308394.jpg,false_positive,,chair,0.9018349647521973,0.0676
311303,000000311303.jpg,localization_error,chair,chair,0.9509308338165283,0.1653
311303,000000311303.jpg,false_positive,,person,0.964346170425415,0.4256
311303,000000311303.jpg,false_positive,,chair,0.8872500658035278,0.0
312237,000000312237.jpg,localization_error,person,person,0.8977576494216919,0.1293
312237,000000312237.jpg,localization_error,person,person,0.8063912391662598,0.1809
312237,000000312237.jpg,localization_error,person,person,0.5937789082527161,0.4495
312237,000000312237.jpg,localization_error,person,person,0.6473522782325745,0.3416
312237,000000312237.jpg,missed_object,person,,,0
312237,000000312237.jpg,missed_object,person,,,0
312237,000000312237.jpg,missed_object,person,,,0
312237,000000312237.jpg,false_positive,,person,0.4422699809074402,0.0
312237,000000312237.jpg,false_positive,,person,0.4502755105495453,0.0
312237,000000312237.jpg,false_positive,,person,0.36366161704063416,0.0
312237,000000312237.jpg,false_positive,,person,0.5536337494850159,0.3011
312237,000000312237.jpg,false_positive,,person,0.34902554750442505,0.5994
312237,000000312237.jpg,false_positive,,person,0.4252900779247284,0.0
312237,000000312237.jpg,false_positive,,person,0.3731374442577362,0.085
312237,000000312237.jpg,false_positive,,person,0.4901704490184784,0.0
312237,000000312237.jpg,false_positive,,person,0.49954909086227417,0.0
312237,000000312237.jpg,false_positive,,person,0.4931093156337738,0.0369
312237,000000312237.jpg,false_positive,,person,0.8827614188194275,0.1512
312237,000000312237.jpg,false_positive,,person,0.4412429928779602,0.0
312237,000000312237.jpg,false_positive,,person,0.41527411341667175,0.0
312237,000000312237.jpg,false_positive,,person,0.6375091671943665,0.0
312237,000000312237.jpg,false_positive,,person,0.8845947980880737,0.0
312237,000000312237.jpg,false_positive,,person,0.395233690738678,0.0
312237,000000312237.jpg,false_positive,,person,0.6063007712364197,0.0
312237,000000312237.jpg,false_positive,,person,0.5237252116203308,0.0
312237,000000312237.jpg,false_positive,,person,0.503757119178772,0.1479
312237,000000312237.jpg,false_positive,,person,0.3178105056285858,0.1091
312237,000000312237.jpg,false_positive,,person,0.43334996700286865,0.0
312237,000000312237.jpg,false_positive,,person,0.4662235975265503,0.3345
312237,000000312237.jpg,false_positive,,person,0.8415758013725281,0.2952
312421,000000312421.jpg,false_positive,,car,0.3925832509994507,0.1788
312421,000000312421.jpg,false_positive,,person,0.9736543893814087,0.0
312421,000000312421.jpg,false_positive,,person,0.3679641783237457,0.4461
312421,000000312421.jpg,false_positive,,person,0.7793678045272827,0.2664
312421,000000312421.jpg,false_positive,,person,0.36534884572029114,0.0462
319721,000000319721.jpg,false_positive,,person,0.6788158416748047,0.4234
319721,000000319721.jpg,false_positive,,person,0.42286980152130127,0.3395
321214,000000321214.jpg,missed_object,chair,,,0
322864,000000322864.jpg,classification_error,car,truck,0.4967156946659088,0.9089
322864,000000322864.jpg,false_positive,,person,0.6843805313110352,0.1245
322864,000000322864.jpg,false_positive,,person,0.5480488538742065,0.0443
322864,000000322864.jpg,false_positive,,truck,0.46484676003456116,0.8866
322864,000000322864.jpg,false_positive,,truck,0.4441787898540497,0.8788
322864,000000322864.jpg,false_positive,,person,0.8707066178321838,0.0576
322864,000000322864.jpg,false_positive,,car,0.35115307569503784,0.6439
323151,000000323151.jpg,localization_error,chair,chair,0.6803007125854492,0.1454
323151,000000323151.jpg,false_positive,,bottle,0.7701852917671204,0.0
323895,000000323895.jpg,localization_error,person,person,0.9670713543891907,0.5
323895,000000323895.jpg,false_positive,,person,0.42022910714149475,0.0724
323895,000000323895.jpg,false_positive,,person,0.7071233987808228,0.0
326082,000000326082.jpg,localization_error,chair,chair,0.9481783509254456,0.3893
326082,000000326082.jpg,missed_object,chair,,,0
326082,000000326082.jpg,missed_object,chair,,,0
326082,000000326082.jpg,false_positive,,chair,0.8680260181427002,0.0907
326541,000000326541.jpg,localization_error,person,person,0.8757246136665344,0.1057
326541,000000326541.jpg,localization_error,person,person,0.32116204500198364,0.2658
326541,000000326541.jpg,localization_error,person,person,0.9534136652946472,0.4412
326541,000000326541.jpg,false_positive,,person,0.9111145734786987,0.2516
329219,000000329219.jpg,false_positive,,bottle,0.5096604228019714,0.0039
329219,000000329219.jpg,false_positive,,bottle,0.435137540102005,0.0
329219,000000329219.jpg,false_positive,,bottle,0.31577569246292114,0.0
329219,000000329219.jpg,false_positive,,bottle,0.30868634581565857,0.0
329219,000000329219.jpg,false_positive,,bottle,0.5759997367858887,0.0
329219,000000329219.jpg,false_positive,,bottle,0.3049205243587494,0.0
329219,000000329219.jpg,false_positive,,bottle,0.3194362223148346,0.0028
329219,000000329219.jpg,false_positive,,bottle,0.6620684862136841,0.0
329219,000000329219.jpg,false_positive,,bottle,0.6142374873161316,0.0054
329219,000000329219.jpg,false_positive,,bottle,0.572334885597229,0.0
329219,000000329219.jpg,false_positive,,bottle,0.5686391592025757,0.0
329219,000000329219.jpg,false_positive,,bottle,0.4487678110599518,0.0
329219,000000329219.jpg,false_positive,,bottle,0.569958508014679,0.0
329219,000000329219.jpg,false_positive,,bottle,0.7886331677436829,0.0026
329219,000000329219.jpg,false_positive,,bottle,0.3975084125995636,0.0
329219,000000329219.jpg,false_positive,,bottle,0.4242633581161499,0.0
329219,000000329219.jpg,false_positive,,bottle,0.44614481925964355,0.0
329219,000000329219.jpg,false_positive,,bottle,0.5420154333114624,0.0
329219,000000329219.jpg,false_positive,,bottle,0.6545197367668152,0.005
329219,000000329219.jpg,false_positive,,bottle,0.46295061707496643,0.0
329219,000000329219.jpg,false_positive,,bottle,0.3970864713191986,0.0
329323,000000329323.jpg,localization_error,person,person,0.4370938241481781,0.3822
329323,000000329323.jpg,localization_error,person,person,0.9406954050064087,0.1706
329323,000000329323.jpg,false_positive,,person,0.5917512774467468,0.2887
329323,000000329323.jpg,false_positive,,person,0.9920071363449097,0.1645
329323,000000329323.jpg,false_positive,,person,0.9879162311553955,0.1918
329323,000000329323.jpg,false_positive,,person,0.7549118399620056,0.0525
329323,000000329323.jpg,false_positive,,person,0.8372166156768799,0.5939
329323,000000329323.jpg,false_positive,,person,0.32989004254341125,0.1066
329323,000000329323.jpg,false_positive,,person,0.7139204144477844,0.465
329323,000000329323.jpg,false_positive,,person,0.7517848014831543,0.1699
329323,000000329323.jpg,false_positive,,person,0.32017433643341064,0.8908
329456,000000329456.jpg,false_positive,,person,0.5440739393234253,0.0
329456,000000329456.jpg,false_positive,,person,0.341207891702652,0.4659
329456,000000329456.jpg,false_positive,,person,0.7019897103309631,0.5418
334719,000000334719.jpg,localization_error,person,person,0.9852619767189026,0.3126
334719,000000334719.jpg,missed_object,person,,,0
334719,000000334719.jpg,missed_object,bottle,,,0
336587,000000336587.jpg,classification_error,truck,car,0.7639979124069214,0.6917
336587,000000336587.jpg,false_positive,,truck,0.4022367596626282,0.6304
338428,000000338428.jpg,classification_error,bus,truck,0.4145159125328064,0.9316
338428,000000338428.jpg,false_positive,,truck,0.44291451573371887,0.9098
338428,000000338428.jpg,false_positive,,truck,0.4674545228481293,0.8147
338428,000000338428.jpg,false_positive,,truck,0.4074893295764923,0.8762
338428,000000338428.jpg,false_positive,,truck,0.6779190301895142,0.9062
338560,000000338560.jpg,false_positive,,car,0.5340466499328613,0.4903
338560,000000338560.jpg,false_positive,,car,0.8507027626037598,0.0033
338560,000000338560.jpg,false_positive,,car,0.6369155049324036,0.5411
338986,000000338986.jpg,missed_object,car,,,0
340175,000000340175.jpg,localization_error,chair,chair,0.9492650628089905,0.4307
340175,000000340175.jpg,localization_error,chair,chair,0.32168135046958923,0.3008
340175,000000340175.jpg,localization_error,chair,chair,0.9109964966773987,0.4326
340175,000000340175.jpg,false_positive,,chair,0.31863686442375183,0.1172
340175,000000340175.jpg,false_positive,,chair,0.9128636717796326,0.0815
340175,000000340175.jpg,false_positive,,chair,0.30299511551856995,0.2712
340175,000000340175.jpg,false_positive,,chair,0.8725521564483643,0.0644
340175,000000340175.jpg,false_positive,,chair,0.8342233300209045,0.2241
340175,000000340175.jpg,false_positive,,chair,0.9379518628120422,0.2668
340175,000000340175.jpg,false_positive,,chair,0.5355830192565918,0.0581
345466,000000345466.jpg,false_positive,,person,0.6966814398765564,0.3544
345466,000000345466.jpg,false_positive,,chair,0.8490754961967468,0.0888
345466,000000345466.jpg,false_positive,,person,0.5842253565788269,0.1116
345466,000000345466.jpg,false_positive,,chair,0.8918423056602478,0.5077
345466,000000345466.jpg,false_positive,,person,0.3649771511554718,0.1428
349860,000000349860.jpg,false_positive,,car,0.8102068901062012,0.0
349860,000000349860.jpg,false_positive,,person,0.9571875333786011,0.0292
355257,000000355257.jpg,missed_object,bottle,,,0
355257,000000355257.jpg,false_positive,,person,0.9834928512573242,0.0
355325,000000355325.jpg,localization_error,person,person,0.9653018116950989,0.1515
356387,000000356387.jpg,classification_error,motorcycle,person,0.8326544165611267,0.5442
356387,000000356387.jpg,localization_error,person,person,0.7136276364326477,0.3726
356387,000000356387.jpg,missed_object,bicycle,,,0
356387,000000356387.jpg,missed_object,person,,,0
356387,000000356387.jpg,false_positive,,person,0.40334296226501465,0.0007
356387,000000356387.jpg,false_positive,,person,0.7534852027893066,0.1444
356387,000000356387.jpg,false_positive,,person,0.5094445943832397,0.0012
356387,000000356387.jpg,false_positive,,bicycle,0.33151715993881226,0.5117
356387,000000356387.jpg,false_positive,,person,0.40390634536743164,0.0
356387,000000356387.jpg,false_positive,,person,0.311400830745697,0.4417
356387,000000356387.jpg,false_positive,,motorcycle,0.7250064015388489,0.7967
356387,000000356387.jpg,false_positive,,person,0.965789258480072,0.3174
356387,000000356387.jpg,false_positive,,person,0.7390777468681335,0.0
356387,000000356387.jpg,false_positive,,person,0.7120296359062195,0.1106
356387,000000356387.jpg,false_positive,,person,0.7026374340057373,0.0
356387,000000356387.jpg,false_positive,,person,0.30044981837272644,0.0
356387,000000356387.jpg,false_positive,,person,0.34117040038108826,0.4235
356387,000000356387.jpg,false_positive,,person,0.9049169421195984,0.4015
356387,000000356387.jpg,false_positive,,person,0.5412334203720093,0.0
356387,000000356387.jpg,false_positive,,motorcycle,0.48846325278282166,0.7609
356387,000000356387.jpg,false_positive,,person,0.8016430735588074,0.4305
356387,000000356387.jpg,false_positive,,person,0.6555669903755188,0.3477
356387,000000356387.jpg,false_positive,,person,0.8564860224723816,0.5033
356387,000000356387.jpg,false_positive,,motorcycle,0.36732420325279236,0.3428
356387,000000356387.jpg,false_positive,,motorcycle,0.39813223481178284,0.2413
356387,000000356387.jpg,false_positive,,motorcycle,0.34296712279319763,0.441
356387,000000356387.jpg,false_positive,,person,0.6367077827453613,0.0
356387,000000356387.jpg,false_positive,,person,0.574550986289978,0.1881
356387,000000356387.jpg,false_positive,,person,0.39791998267173767,0.153
356387,000000356387.jpg,false_positive,,motorcycle,0.32365942001342773,0.6321
356387,000000356387.jpg,false_positive,,motorcycle,0.6049573421478271,0.7964
356387,000000356387.jpg,false_positive,,motorcycle,0.5962086319923401,0.4261
356387,000000356387.jpg,false_positive,,motorcycle,0.6216968894004822,0.7444
356387,000000356387.jpg,false_positive,,car,0.6283525228500366,0.0
360137,000000360137.jpg,false_positive,,person,0.525705873966217,0.7957
360661,000000360661.jpg,false_positive,,person,0.9248690009117126,0.3432
361103,000000361103.jpg,localization_error,person,person,0.3858948349952698,0.133
361103,000000361103.jpg,false_positive,,person,0.3667154908180237,0.0
361103,000000361103.jpg,false_positive,,person,0.7382796406745911,0.484
361103,000000361103.jpg,false_positive,,person,0.637017548084259,0.4664
361103,000000361103.jpg,false_positive,,person,0.454745888710022,0.1277
361103,000000361103.jpg,false_positive,,person,0.9586007595062256,0.2427
361103,000000361103.jpg,false_positive,,car,0.6610085964202881,0.0
361103,000000361103.jpg,false_positive,,person,0.7994871735572815,0.0367
361103,000000361103.jpg,false_positive,,person,0.734338641166687,0.0256
361103,000000361103.jpg,false_positive,,person,0.5600464940071106,0.035
361103,000000361103.jpg,false_positive,,person,0.4223242998123169,0.3069
361103,000000361103.jpg,false_positive,,person,0.3378332853317261,0.0
363207,000000363207.jpg,false_positive,,person,0.983329713344574,0.0488
363207,000000363207.jpg,false_positive,,person,0.4862666428089142,0.3451
363840,000000363840.jpg,localization_error,person,person,0.6953678727149963,0.3876
363840,000000363840.jpg,missed_object,chair,,,0
363840,000000363840.jpg,missed_object,bottle,,,0
366141,000000366141.jpg,missed_object,cat,,,0
367680,000000367680.jpg,classification_error,car,truck,0.42806410789489746,0.9291
367680,000000367680.jpg,classification_error,bus,truck,0.4424400329589844,0.9193
367680,000000367680.jpg,localization_error,person,person,0.972345232963562,0.3578
367680,000000367680.jpg,localization_error,person,person,0.9905664324760437,0.3981
367680,000000367680.jpg,missed_object,person,,,0
367680,000000367680.jpg,missed_object,person,,,0
367680,000000367680.jpg,false_positive,,person,0.786864697933197,0.3403
367680,000000367680.jpg,false_positive,,person,0.40615314245224,0.0121
367680,000000367680.jpg,false_positive,,truck,0.45552176237106323,0.9162
367680,000000367680.jpg,false_positive,,person,0.9788357615470886,0.0806
367680,000000367680.jpg,false_positive,,person,0.9425755739212036,0.0213
367680,000000367680.jpg,false_positive,,person,0.30012625455856323,0.0114
367680,000000367680.jpg,false_positive,,person,0.4561861753463745,0.0
367680,000000367680.jpg,false_positive,,person,0.5791549682617188,0.0088
367680,000000367680.jpg,false_positive,,person,0.9025403261184692,0.0119
367680,000000367680.jpg,false_positive,,truck,0.5034099221229553,0.9125
367680,000000367680.jpg,false_positive,,person,0.5137692093849182,0.0141
375278,000000375278.jpg,classification_error,dog,cat,0.5075594186782837,0.9477
375278,000000375278.jpg,missed_object,cat,,,0
383384,000000383384.jpg,false_positive,,person,0.5119031071662903,0.3572
383384,000000383384.jpg,false_positive,,person,0.97456294298172,0.4485
383384,000000383384.jpg,false_positive,,person,0.5549288988113403,0.4905
383384,000000383384.jpg,false_positive,,person,0.592993974685669,0.0683
383384,000000383384.jpg,false_positive,,person,0.9713175296783447,0.0
384468,000000384468.jpg,false_positive,,person,0.705919086933136,0.5631
384468,000000384468.jpg,false_positive,,person,0.9806061387062073,0.0231
385190,000000385190.jpg,missed_object,bottle,,,0
385190,000000385190.jpg,false_positive,,person,0.9224293828010559,0.0
385190,000000385190.jpg,false_positive,,person,0.9236425161361694,0.0
385190,000000385190.jpg,false_positive,,person,0.9692925810813904,0.0
386352,000000386352.jpg,missed_object,chair,,,0
386352,000000386352.jpg,false_positive,,person,0.8462948203086853,0.5305
386352,000000386352.jpg,false_positive,,person,0.5557153224945068,0.5135
386352,000000386352.jpg,false_positive,,person,0.5489760041236877,0.2861
386912,000000386912.jpg,missed_object,chair,,,0
392722,000000392722.jpg,localization_error,car,car,0.7361351847648621,0.4473
392722,000000392722.jpg,missed_object,bus,,,0
392722,000000392722.jpg,false_positive,,person,0.3466617465019226,0.0463
392722,000000392722.jpg,false_positive,,car,0.6595821976661682,0.6889
392722,000000392722.jpg,false_positive,,car,0.7213166356086731,0.2761
392722,000000392722.jpg,false_positive,,person,0.5538896918296814,0.0449
392722,000000392722.jpg,false_positive,,car,0.6963938474655151,0.3978
392722,000000392722.jpg,false_positive,,person,0.9038840532302856,0.0474
392722,000000392722.jpg,false_positive,,car,0.5147352814674377,0.3681
392722,000000392722.jpg,false_positive,,car,0.42935627698898315,0.3398
397133,000000397133.jpg,missed_object,bottle,,,0
400573,000000400573.jpg,missed_object,person,,,0
400573,000000400573.jpg,missed_object,person,,,0
400573,000000400573.jpg,missed_object,person,,,0
403565,000000403565.jpg,false_positive,,bottle,0.7280721664428711,0.0252
406611,000000406611.jpg,localization_error,person,person,0.3231544494628906,0.319
406611,000000406611.jpg,missed_object,person,,,0
406611,000000406611.jpg,missed_object,person,,,0
406611,000000406611.jpg,missed_object,person,,,0
406611,000000406611.jpg,missed_object,person,,,0
406611,000000406611.jpg,missed_object,person,,,0
406611,000000406611.jpg,false_positive,,person,0.36796149611473083,0.0
406611,000000406611.jpg,false_positive,,person,0.9501947164535522,0.0
406611,000000406611.jpg,false_positive,,person,0.7055020928382874,0.0
406611,000000406611.jpg,false_positive,,person,0.6350032091140747,0.0
406611,000000406611.jpg,false_positive,,person,0.4796667993068695,0.0
406611,000000406611.jpg,false_positive,,person,0.9070708751678467,0.0
406611,000000406611.jpg,false_positive,,person,0.5585085153579712,0.0
406611,000000406611.jpg,false_positive,,person,0.9162492156028748,0.0
406611,000000406611.jpg,false_positive,,person,0.9226014614105225,0.0
406611,000000406611.jpg,false_positive,,person,0.7917861342430115,0.0
406611,000000406611.jpg,false_positive,,person,0.5163428783416748,0.0
406611,000000406611.jpg,false_positive,,person,0.4797188937664032,0.0
406611,000000406611.jpg,false_positive,,person,0.6840597987174988,0.0
406611,000000406611.jpg,false_positive,,person,0.8136581182479858,0.0462
406611,000000406611.jpg,false_positive,,person,0.3990056812763214,0.0
406611,000000406611.jpg,false_positive,,person,0.6650556325912476,0.0795
406611,000000406611.jpg,false_positive,,person,0.38229846954345703,0.0
406611,000000406611.jpg,false_positive,,person,0.38969841599464417,0.0
406611,000000406611.jpg,false_positive,,person,0.9740747213363647,0.0
406611,000000406611.jpg,false_positive,,person,0.43424099683761597,0.0
406611,000000406611.jpg,false_positive,,person,0.4226122498512268,0.0
406611,000000406611.jpg,false_positive,,person,0.37343764305114746,0.0
406611,000000406611.jpg,false_positive,,person,0.7854546904563904,0.0
406611,000000406611.jpg,false_positive,,person,0.3607632517814636,0.0
410650,000000410650.jpg,localization_error,person,person,0.9609933495521545,0.2436
410650,000000410650.jpg,localization_error,person,person,0.7389065027236938,0.2192
410650,000000410650.jpg,localization_error,person,person,0.8460668921470642,0.2483
410650,000000410650.jpg,localization_error,chair,chair,0.6086117029190063,0.4917
410650,000000410650.jpg,localization_error,chair,chair,0.9191874861717224,0.4589
410650,000000410650.jpg,missed_object,chair,,,0
410650,000000410650.jpg,missed_object,chair,,,0
410650,000000410650.jpg,false_positive,,chair,0.8204807043075562,0.0095
410650,000000410650.jpg,false_positive,,chair,0.7202088236808777,0.0
410650,000000410650.jpg,false_positive,,person,0.6258234977722168,0.0753
410650,000000410650.jpg,false_positive,,chair,0.8727131485939026,0.0359
410650,000000410650.jpg,false_positive,,chair,0.732545018196106,0.0844
410650,000000410650.jpg,false_positive,,person,0.5878450870513916,0.0
410650,000000410650.jpg,false_positive,,chair,0.7489283680915833,0.1858
410650,000000410650.jpg,false_positive,,chair,0.8368815779685974,0.1081
410650,000000410650.jpg,false_positive,,chair,0.8934822082519531,0.0575
410650,000000410650.jpg,false_positive,,chair,0.7395683526992798,0.0511
410650,000000410650.jpg,false_positive,,person,0.6176179647445679,0.0
410650,000000410650.jpg,false_positive,,chair,0.931821346282959,0.1141
410650,000000410650.jpg,false_positive,,chair,0.8864201903343201,0.5867
410650,000000410650.jpg,false_positive,,person,0.7175765037536621,0.0
410650,000000410650.jpg,false_positive,,person,0.669892430305481,0.0
410650,000000410650.jpg,false_positive,,chair,0.5226775407791138,0.1301
410650,000000410650.jpg,false_positive,,chair,0.8462101221084595,0.2935
410650,000000410650.jpg,false_positive,,person,0.7519357204437256,0.0888
410650,000000410650.jpg,false_positive,,person,0.7850522994995117,0.0
410650,000000410650.jpg,false_positive,,person,0.816040575504303,0.0
410650,000000410650.jpg,false_positive,,chair,0.7836812734603882,0.1675
410650,000000410650.jpg,false_positive,,chair,0.8607712388038635,0.0141
410650,000000410650.jpg,false_positive,,person,0.8310062885284424,0.0
410650,000000410650.jpg,false_positive,,chair,0.8307658433914185,0.0
410650,000000410650.jpg,false_positive,,person,0.3053821623325348,0.2381
410650,000000410650.jpg,false_positive,,person,0.8946373462677002,0.0
410650,000000410650.jpg,false_positive,,person,0.9309111833572388,0.0156
410650,000000410650.jpg,false_positive,,person,0.33998265862464905,0.456
410650,000000410650.jpg,false_positive,,chair,0.4754646122455597,0.0
410650,000000410650.jpg,false_positive,,person,0.680063009262085,0.0
410650,000000410650.jpg,false_positive,,person,0.8377010822296143,0.0329
410650,000000410650.jpg,false_positive,,chair,0.699176549911499,0.1274
410650,000000410650.jpg,false_positive,,chair,0.9119120836257935,0.0
410650,000000410650.jpg,false_positive,,chair,0.7440615296363831,0.1512
410650,000000410650.jpg,false_positive,,person,0.7563069462776184,0.0
410650,000000410650.jpg,false_positive,,person,0.7216547727584839,0.0
410650,000000410650.jpg,false_positive,,person,0.669324517250061,0.0
410650,000000410650.jpg,false_positive,,person,0.6236390471458435,0.0
410650,000000410650.jpg,false_positive,,chair,0.3580256998538971,0.0996
410650,000000410650.jpg,false_positive,,chair,0.7197380661964417,0.172
410650,000000410650.jpg,false_positive,,chair,0.8293542265892029,0.1233
410650,000000410650.jpg,false_positive,,person,0.8951549530029297,0.0832
410650,000000410650.jpg,false_positive,,chair,0.8781275749206543,0.009
410650,000000410650.jpg,false_positive,,chair,0.9175191521644592,0.1118
410650,000000410650.jpg,false_positive,,person,0.6713795065879822,0.0
410650,000000410650.jpg,false_positive,,chair,0.8987706899642944,0.1246
410650,000000410650.jpg,false_positive,,person,0.9419663548469543,0.0068
410650,000000410650.jpg,false_positive,,chair,0.6109474897384644,0.1387
410650,000000410650.jpg,false_positive,,person,0.7990015745162964,0.0892
410650,000000410650.jpg,false_positive,,chair,0.6055237650871277,0.03
410650,000000410650.jpg,false_positive,,chair,0.8903083205223083,0.0729
410650,000000410650.jpg,false_positive,,person,0.9132331609725952,0.1251
410650,000000410650.jpg,false_positive,,chair,0.3884810209274292,0.1043
410650,000000410650.jpg,false_positive,,chair,0.5826292634010315,0.0
410650,000000410650.jpg,false_positive,,person,0.848521888256073,0.0
412894,000000412894.jpg,missed_object,person,,,0
412894,000000412894.jpg,false_positive,,person,0.6479420065879822,0.0101
412894,000000412894.jpg,false_positive,,person,0.76662278175354,0.1452
412894,000000412894.jpg,false_positive,,person,0.9569952487945557,0.2299
412894,000000412894.jpg,false_positive,,person,0.6190453767776489,0.7622
412894,000000412894.jpg,false_positive,,person,0.810059666633606,0.0884
412894,000000412894.jpg,false_positive,,person,0.4122588336467743,0.1753
412894,000000412894.jpg,false_positive,,person,0.9541910290718079,0.1772
412894,000000412894.jpg,false_positive,,person,0.7255498766899109,0.0
412894,000000412894.jpg,false_positive,,person,0.6273319721221924,0.2096
412894,000000412894.jpg,false_positive,,person,0.9854873418807983,0.0306
412894,000000412894.jpg,false_positive,,person,0.9870836734771729,0.0131
415727,000000415727.jpg,false_positive,,person,0.9607933759689331,0.4173
428454,000000428454.jpg,missed_object,car,,,0
428454,000000428454.jpg,missed_object,car,,,0
430961,000000430961.jpg,missed_object,person,,,0
430961,000000430961.jpg,false_positive,,person,0.8270683884620667,0.0216
430961,000000430961.jpg,false_positive,,person,0.6918208599090576,0.013
430961,000000430961.jpg,false_positive,,person,0.7960169911384583,0.0
430961,000000430961.jpg,false_positive,,person,0.4550866484642029,0.0108
430961,000000430961.jpg,false_positive,,person,0.7515660524368286,0.0
430961,000000430961.jpg,false_positive,,person,0.9746321439743042,0.011
430961,000000430961.jpg,false_positive,,person,0.7140469551086426,0.0348
430961,000000430961.jpg,false_positive,,person,0.3223884403705597,0.0
430961,000000430961.jpg,false_positive,,person,0.9414682984352112,0.0
434230,000000434230.jpg,localization_error,person,person,0.9316379427909851,0.498
434230,000000434230.jpg,localization_error,person,person,0.9809187054634094,0.3983
434230,000000434230.jpg,missed_object,person,,,0
434230,000000434230.jpg,false_positive,,person,0.9451184868812561,0.3504
438862,000000438862.jpg,missed_object,person,,,0
441586,000000441586.jpg,localization_error,person,person,0.9766682982444763,0.4271
441586,000000441586.jpg,missed_object,motorcycle,,,0
441586,000000441586.jpg,false_positive,,person,0.9364519119262695,0.0785
441586,000000441586.jpg,false_positive,,person,0.9109556674957275,0.0
441586,000000441586.jpg,false_positive,,person,0.37744900584220886,0.3325
441586,000000441586.jpg,false_positive,,person,0.6710542440414429,0.0
441586,000000441586.jpg,false_positive,,person,0.4434336721897125,0.0
441586,000000441586.jpg,false_positive,,person,0.681858479976654,0.0
441586,000000441586.jpg,false_positive,,person,0.8150818347930908,0.0
441586,000000441586.jpg,false_positive,,person,0.839357852935791,0.0
441586,000000441586.jpg,false_positive,,truck,0.4121020436286926,0.2172
441586,000000441586.jpg,false_positive,,person,0.306631863117218,0.0
441586,000000441586.jpg,false_positive,,person,0.9641392230987549,0.0033
441586,000000441586.jpg,false_positive,,truck,0.5657578110694885,0.0099
441586,000000441586.jpg,false_positive,,person,0.31696557998657227,0.0
441586,000000441586.jpg,false_positive,,person,0.4513917565345764,0.0
441586,000000441586.jpg,false_positive,,bicycle,0.3326399326324463,0.413
441586,000000441586.jpg,false_positive,,person,0.6887534856796265,0.0
441586,000000441586.jpg,false_positive,,person,0.7802594900131226,0.0
441586,000000441586.jpg,false_positive,,truck,0.5387740135192871,0.2132
441586,000000441586.jpg,false_positive,,motorcycle,0.43651852011680603,0.0
441586,000000441586.jpg,false_positive,,person,0.5374937653541565,0.3715
442480,000000442480.jpg,false_positive,,truck,0.6247638463973999,0.0
442480,000000442480.jpg,false_positive,,person,0.3559807240962982,0.0
442480,000000442480.jpg,false_positive,,person,0.890223503112793,0.0
448076,000000448076.jpg,missed_object,chair,,,0
448076,000000448076.jpg,missed_object,chair,,,0
448076,000000448076.jpg,missed_object,chair,,,0
448076,000000448076.jpg,missed_object,chair,,,0
448076,000000448076.jpg,missed_object,chair,,,0
448076,000000448076.jpg,false_positive,,person,0.367603063583374,0.2664
448365,000000448365.jpg,localization_error,bicycle,bicycle,0.40105754137039185,0.4341
448365,000000448365.jpg,false_positive,,person,0.9781067967414856,0.3255
448810,000000448810.jpg,false_positive,,person,0.9713422656059265,0.5132
453708,000000453708.jpg,missed_object,person,,,0
453708,000000453708.jpg,false_positive,,person,0.950797975063324,0.317
456303,000000456303.jpg,missed_object,person,,,0
456303,000000456303.jpg,missed_object,person,,,0
456303,000000456303.jpg,false_positive,,person,0.9472061395645142,0.4451
458109,000000458109.jpg,missed_object,person,,,0
458109,000000458109.jpg,missed_object,person,,,0
458109,000000458109.jpg,missed_object,person,,,0
458755,000000458755.jpg,localization_error,person,person,0.3873074948787689,0.4538
458755,000000458755.jpg,false_positive,,person,0.3261633515357971,0.2638
460347,000000460347.jpg,localization_error,person,person,0.9620367288589478,0.11
460347,000000460347.jpg,missed_object,bus,,,0
463730,000000463730.jpg,classification_error,bus,truck,0.5061255693435669,0.8852
463730,000000463730.jpg,classification_error,bus,truck,0.5720994472503662,0.8828
463730,000000463730.jpg,classification_error,motorcycle,person,0.47352853417396545,0.5395
463730,000000463730.jpg,localization_error,car,car,0.5415629148483276,0.22
463730,000000463730.jpg,localization_error,person,person,0.6807986497879028,0.2515
463730,000000463730.jpg,localization_error,person,person,0.9358218908309937,0.1713
463730,000000463730.jpg,missed_object,person,,,0
463730,000000463730.jpg,false_positive,,person,0.8936222195625305,0.1204
463730,000000463730.jpg,false_positive,,motorcycle,0.5640609264373779,0.1059
463730,000000463730.jpg,false_positive,,truck,0.35670772194862366,0.3636
463730,000000463730.jpg,false_positive,,truck,0.3567396104335785,0.3494
463730,000000463730.jpg,false_positive,,truck,0.4776587188243866,0.4411
463730,000000463730.jpg,false_positive,,person,0.8242202401161194,0.0
463730,000000463730.jpg,false_positive,,person,0.9005899429321289,0.0
463730,000000463730.jpg,false_positive,,car,0.5056803226470947,0.239
463730,000000463730.jpg,false_positive,,person,0.9596736431121826,0.1407
463730,000000463730.jpg,false_positive,,truck,0.3988255262374878,0.844
463730,000000463730.jpg,false_positive,,car,0.8124867677688599,0.5374
463730,000000463730.jpg,false_positive,,person,0.3990199863910675,0.2381
463730,000000463730.jpg,false_positive,,person,0.7333170175552368,0.0086
463730,000000463730.jpg,false_positive,,motorcycle,0.30297404527664185,0.0772
464089,000000464089.jpg,missed_object,person,,,0
464089,000000464089.jpg,missed_object,person,,,0
465675,000000465675.jpg,missed_object,truck,,,0
474028,000000474028.jpg,localization_error,person,person,0.9871761202812195,0.4907
474028,000000474028.jpg,missed_object,person,,,0
474167,000000474167.jpg,localization_error,person,person,0.9699095487594604,0.4568
474167,000000474167.jpg,false_positive,,person,0.9462941288948059,0.238
474167,000000474167.jpg,false_positive,,person,0.9669731259346008,0.0345
474167,000000474167.jpg,false_positive,,person,0.9779039621353149,0.1947
480985,000000480985.jpg,localization_error,person,person,0.33212509751319885,0.4733
480985,000000480985.jpg,missed_object,motorcycle,,,0
480985,000000480985.jpg,false_positive,,person,0.6124300956726074,0.0629
480985,000000480985.jpg,false_positive,,person,0.33863362669944763,0.0545
480985,000000480985.jpg,false_positive,,person,0.3664631247520447,0.3412
480985,000000480985.jpg,false_positive,,person,0.8944425582885742,0.0281
480985,000000480985.jpg,false_positive,,person,0.570781946182251,0.2192
480985,000000480985.jpg,false_positive,,person,0.46995991468429565,0.3912
480985,000000480985.jpg,false_positive,,person,0.36277061700820923,0.4659
480985,000000480985.jpg,false_positive,,person,0.9614974856376648,0.5186
480985,000000480985.jpg,false_positive,,person,0.49859562516212463,0.1715
480985,000000480985.jpg,false_positive,,person,0.7117178440093994,0.1047
480985,000000480985.jpg,false_positive,,person,0.5881553292274475,0.1583
480985,000000480985.jpg,false_positive,,person,0.9385448694229126,0.4241
480985,000000480985.jpg,false_positive,,person,0.7938483357429504,0.3525
480985,000000480985.jpg,false_positive,,person,0.3376573622226715,0.3928
480985,000000480985.jpg,false_positive,,person,0.9208251237869263,0.1784
480985,000000480985.jpg,false_positive,,person,0.7031577229499817,0.3212
480985,000000480985.jpg,false_positive,,person,0.39637964963912964,0.315
482917,000000482917.jpg,missed_object,dog,,,0
483667,000000483667.jpg,missed_object,chair,,,0
483667,000000483667.jpg,false_positive,,chair,0.6325876712799072,0.2109
491366,000000491366.jpg,false_positive,,chair,0.8840041756629944,0.3005
491366,000000491366.jpg,false_positive,,person,0.8693656921386719,0.8037
491366,000000491366.jpg,false_positive,,chair,0.38844138383865356,0.1846
491497,000000491497.jpg,missed_object,chair,,,0
491497,000000491497.jpg,false_positive,,person,0.9423885941505432,0.0
492878,000000492878.jpg,false_positive,,bottle,0.7859145402908325,0.0
492878,000000492878.jpg,false_positive,,bottle,0.7533778548240662,0.0
492878,000000492878.jpg,false_positive,,bottle,0.8390856981277466,0.0
494869,000000494869.jpg,false_positive,,bottle,0.568647027015686,0.0041
494869,000000494869.jpg,false_positive,,bottle,0.7065596580505371,0.0032
500257,000000500257.jpg,localization_error,person,person,0.9732605814933777,0.3548
500257,000000500257.jpg,missed_object,person,,,0
500257,000000500257.jpg,false_positive,,person,0.4595392942428589,0.2834
500257,000000500257.jpg,false_positive,,person,0.7876220941543579,0.1667
500257,000000500257.jpg,false_positive,,person,0.419589638710022,0.458
500257,000000500257.jpg,false_positive,,person,0.5274044275283813,0.0
500257,000000500257.jpg,false_positive,,person,0.4405018091201782,0.2015
500257,000000500257.jpg,false_positive,,person,0.669094443321228,0.04
500257,000000500257.jpg,false_positive,,person,0.876547634601593,0.0
502737,000000502737.jpg,missed_object,person,,,0
507223,000000507223.jpg,false_positive,,person,0.9853255152702332,0.4892
507223,000000507223.jpg,false_positive,,person,0.4791150987148285,0.0
507223,000000507223.jpg,false_positive,,person,0.9411988854408264,0.0
507223,000000507223.jpg,false_positive,,person,0.33194249868392944,0.0
507223,000000507223.jpg,false_positive,,person,0.8194473385810852,0.5528
507223,000000507223.jpg,false_positive,,person,0.3737753629684448,0.0
507223,000000507223.jpg,false_positive,,person,0.9307350516319275,0.0
507223,000000507223.jpg,false_positive,,person,0.9745708703994751,0.3078
508730,000000508730.jpg,missed_object,chair,,,0
514508,000000514508.jpg,false_positive,,person,0.944837749004364,0.0471
514508,000000514508.jpg,false_positive,,person,0.9487178921699524,0.11
515445,000000515445.jpg,localization_error,person,person,0.8005021214485168,0.2958
515445,000000515445.jpg,false_positive,,person,0.5836336016654968,0.0
515445,000000515445.jpg,false_positive,,person,0.6831939816474915,0.0
515445,000000515445.jpg,false_positive,,person,0.3485933542251587,0.2663
515445,000000515445.jpg,false_positive,,person,0.34674209356307983,0.0
515445,000000515445.jpg,false_positive,,person,0.6098051071166992,0.0
515445,000000515445.jpg,false_positive,,person,0.3147697448730469,0.0
515445,000000515445.jpg,false_positive,,person,0.44231095910072327,0.0
515445,000000515445.jpg,false_positive,,person,0.9224531054496765,0.0
515445,000000515445.jpg,false_positive,,person,0.38365936279296875,0.0
515445,000000515445.jpg,false_positive,,person,0.8616483211517334,0.0
515445,000000515445.jpg,false_positive,,person,0.39046943187713623,0.0
515445,000000515445.jpg,false_positive,,person,0.4137016534805298,0.0
515445,000000515445.jpg,false_positive,,person,0.43437814712524414,0.0
515579,000000515579.jpg,missed_object,person,,,0
518770,000000518770.jpg,localization_error,chair,chair,0.7859404683113098,0.4058
518770,000000518770.jpg,missed_object,chair,,,0
518770,000000518770.jpg,missed_object,chair,,,0
518770,000000518770.jpg,false_positive,,chair,0.9273829460144043,0.6269
518770,000000518770.jpg,false_positive,,chair,0.624920129776001,0.4443
518770,000000518770.jpg,false_positive,,person,0.9315757751464844,0.55
518770,000000518770.jpg,false_positive,,person,0.6071330904960632,0.193
518770,000000518770.jpg,false_positive,,chair,0.8240188360214233,0.3344
518770,000000518770.jpg,false_positive,,chair,0.7522910833358765,0.4119
520264,000000520264.jpg,localization_error,bottle,bottle,0.33915629982948303,0.3391
520264,000000520264.jpg,localization_error,bottle,bottle,0.30645132064819336,0.2506
520264,000000520264.jpg,missed_object,bottle,,,0
520264,000000520264.jpg,false_positive,,bottle,0.7454928755760193,0.3241
520264,000000520264.jpg,false_positive,,bottle,0.3741360306739807,0.1544
520264,000000520264.jpg,false_positive,,bottle,0.40420159697532654,0.6498
520264,000000520264.jpg,false_positive,,bottle,0.5785108208656311,0.484
520264,000000520264.jpg,false_positive,,bottle,0.5793009400367737,0.4381
520264,000000520264.jpg,false_positive,,bottle,0.5497926473617554,0.3534
520264,000000520264.jpg,false_positive,,bottle,0.6721489429473877,0.0
522713,000000522713.jpg,localization_error,person,person,0.9370856285095215,0.4226
522713,000000522713.jpg,missed_object,person,,,0
524456,000000524456.jpg,missed_object,person,,,0
532690,000000532690.jpg,false_positive,,person,0.4804655909538269,0.6081
532690,000000532690.jpg,false_positive,,person,0.6605280041694641,0.6318
532690,000000532690.jpg,false_positive,,person,0.943849503993988,0.091
534827,000000534827.jpg,missed_object,person,,,0
534827,000000534827.jpg,false_positive,,motorcycle,0.7378190159797668,0.771
534827,000000534827.jpg,false_positive,,motorcycle,0.3604431450366974,0.3532
534827,000000534827.jpg,false_positive,,motorcycle,0.4559444785118103,0.3959
534827,000000534827.jpg,false_positive,,person,0.32528504729270935,0.3589
534827,000000534827.jpg,false_positive,,person,0.9854927659034729,0.4715
534827,000000534827.jpg,false_positive,,motorcycle,0.73634272813797,0.7145
534827,000000534827.jpg,false_positive,,motorcycle,0.7776694893836975,0.5898
534827,000000534827.jpg,false_positive,,person,0.6870391964912415,0.4796
537991,000000537991.jpg,false_positive,,chair,0.6180509924888611,0.0
541055,000000541055.jpg,localization_error,person,person,0.9962298274040222,0.4941
541055,000000541055.jpg,false_positive,,person,0.9410260319709778,0.8964
541055,000000541055.jpg,false_positive,,person,0.4020133316516876,0.5022
544519,000000544519.jpg,false_positive,,person,0.9717195630073547,0.1259
544519,000000544519.jpg,false_positive,,person,0.6975417733192444,0.7629
544519,000000544519.jpg,false_positive,,person,0.9434332847595215,0.586
545826,000000545826.jpg,localization_error,chair,chair,0.9183631539344788,0.4189
545826,000000545826.jpg,false_positive,,chair,0.8122093081474304,0.1803
555050,000000555050.jpg,localization_error,chair,chair,0.33419594168663025,0.4998
555050,000000555050.jpg,localization_error,chair,chair,0.6827256083488464,0.3121
555050,000000555050.jpg,missed_object,chair,,,0
555050,000000555050.jpg,missed_object,chair,,,0
555050,000000555050.jpg,false_positive,,person,0.4177398979663849,0.0219
555050,000000555050.jpg,false_positive,,chair,0.8408253788948059,0.4182
555050,000000555050.jpg,false_positive,,car,0.6592710018157959,0.0
555050,000000555050.jpg,false_positive,,person,0.75794917345047,0.0
555050,000000555050.jpg,false_positive,,person,0.9616223573684692,0.0
555050,000000555050.jpg,false_positive,,dog,0.3073589503765106,0.0203
555050,000000555050.jpg,false_positive,,truck,0.38526037335395813,0.7856
555050,000000555050.jpg,false_positive,,chair,0.8039653897285461,0.0412
559842,000000559842.jpg,localization_error,chair,chair,0.889139711856842,0.148
559842,000000559842.jpg,false_positive,,chair,0.8473600745201111,0.0744
559842,000000559842.jpg,false_positive,,person,0.9761661887168884,0.3524
559842,000000559842.jpg,false_positive,,person,0.7871488332748413,0.0103
559842,000000559842.jpg,false_positive,,chair,0.7196856141090393,0.0539
559842,000000559842.jpg,false_positive,,person,0.9708601236343384,0.3325
559842,000000559842.jpg,false_positive,,person,0.8474264740943909,0.5416
559842,000000559842.jpg,false_positive,,person,0.8224136233329773,0.3919
559842,000000559842.jpg,false_positive,,person,0.30214229226112366,0.5078
559842,000000559842.jpg,false_positive,,person,0.9687898755073547,0.1573
559842,000000559842.jpg,false_positive,,chair,0.8954610824584961,0.4846
559842,000000559842.jpg,false_positive,,chair,0.7579550743103027,0.2985
559842,000000559842.jpg,false_positive,,person,0.9823545217514038,0.1867
559842,000000559842.jpg,false_positive,,person,0.35535332560539246,0.519
559956,000000559956.jpg,localization_error,bottle,bottle,0.8092315793037415,0.4505
559956,000000559956.jpg,false_positive,,person,0.9823094010353088,0.7756
560279,000000560279.jpg,false_positive,,bottle,0.7957692742347717,0.0
560279,000000560279.jpg,false_positive,,bottle,0.852588415145874,0.0
560279,000000560279.jpg,false_positive,,bottle,0.4985950291156769,0.0
560279,000000560279.jpg,false_positive,,bottle,0.610396683216095,0.0
565778,000000565778.jpg,localization_error,person,person,0.9651067852973938,0.4706
565778,000000565778.jpg,false_positive,,person,0.9526178240776062,0.0
566524,000000566524.jpg,missed_object,person,,,0
566524,000000566524.jpg,false_positive,,person,0.9210711717605591,0.4185
566524,000000566524.jpg,false_positive,,person,0.34255555272102356,0.0794
566524,000000566524.jpg,false_positive,,person,0.8171092867851257,0.3201
566524,000000566524.jpg,false_positive,,person,0.6001404523849487,0.5059
566524,000000566524.jpg,false_positive,,person,0.36320218443870544,0.4736
570471,000000570471.jpg,false_positive,,bottle,0.5907673239707947,0.0034
570471,000000570471.jpg,false_positive,,bottle,0.7697857618331909,0.0072
570471,000000570471.jpg,false_positive,,bottle,0.8558484315872192,0.0073
570471,000000570471.jpg,false_positive,,bottle,0.3111129701137543,0.0
570471,000000570471.jpg,false_positive,,bottle,0.41774165630340576,0.0029
570471,000000570471.jpg,false_positive,,bottle,0.8365704417228699,0.0065
570471,000000570471.jpg,false_positive,,bottle,0.37169012427330017,0.0023
570471,000000570471.jpg,false_positive,,bottle,0.6960064172744751,0.002
570471,000000570471.jpg,false_positive,,bottle,0.8079344630241394,0.0059
570539,000000570539.jpg,missed_object,bus,,,0
570539,000000570539.jpg,missed_object,person,,,0
570539,000000570539.jpg,missed_object,person,,,0
570539,000000570539.jpg,missed_object,person,,,0
570539,000000570539.jpg,false_positive,,person,0.9766266942024231,0.071
570539,000000570539.jpg,false_positive,,person,0.3598611652851105,0.2764
570539,000000570539.jpg,false_positive,,person,0.3290378749370575,0.6031
570539,000000570539.jpg,false_positive,,person,0.7824430465698242,0.0488
570539,000000570539.jpg,false_positive,,person,0.49183955788612366,0.5834
570539,000000570539.jpg,false_positive,,person,0.3081760108470917,0.5962
577539,000000577539.jpg,missed_object,person,,,0
577539,000000577539.jpg,false_positive,,person,0.7096899747848511,0.371
578500,000000578500.jpg,localization_error,chair,chair,0.9330919981002808,0.3252
578500,000000578500.jpg,localization_error,chair,chair,0.3501320779323578,0.2225
578500,000000578500.jpg,false_positive,,chair,0.8062060475349426,0.2609
578500,000000578500.jpg,false_positive,,chair,0.3746681213378906,0.2649
578500,000000578500.jpg,false_positive,,chair,0.9043535590171814,0.0829
578500,000000578500.jpg,false_positive,,chair,0.5110118985176086,0.0175
578545,000000578545.jpg,missed_object,chair,,,0
578922,000000578922.jpg,missed_object,bottle,,,0
